search_term	match_term	match_type	gene	drug	interaction_types	sources	pmids
UGT1A5	UGT1A5	Definite	UGT1A5	METHOTREXATE	""	PharmGKB	29791011
UGT1A5	UGT1A5	Definite	UGT1A5	MITOXANTRONE	""	NCI	1966888
UGT1A4	UGT1A4	Definite	UGT1A4	TACROLIMUS	""	NCI	10051052
UGT1A4	UGT1A4	Definite	UGT1A4	METHOTREXATE	""	PharmGKB	29791011
UGT1A3	UGT1A3	Definite	UGT1A3	METHOTREXATE	""	PharmGKB	29791011
UGT2A1	UGT2A1	Definite	UGT2A1	IMATINIB	""	PharmGKB	30237583
UGT1A8	UGT1A8	Definite	UGT1A8	METHOTREXATE	""	PharmGKB	29791011
UGT1A8	UGT1A8	Definite	UGT1A8	TACROLIMUS	""	PharmGKB	20565459
UGT1A8	UGT1A8	Definite	UGT1A8	SIROLIMUS	""	PharmGKB	20565459
UGT1A7	UGT1A7	Definite	UGT1A7	METHOTREXATE	""	PharmGKB	29791011
UGT1A6	UGT1A6	Definite	UGT1A6	DAUNORUBICIN	""	PharmGKB	""
UGT1A6	UGT1A6	Definite	UGT1A6	DOXORUBICIN	""	PharmGKB	""
UGT1A6	UGT1A6	Definite	UGT1A6	METHOTREXATE	""	PharmGKB	29791011
UGT1A1	UGT1A1	Definite	UGT1A1	METHOTREXATE	""	PharmGKB	29791011
UGT1A1	UGT1A1	Definite	UGT1A1	PAZOPANIB	""	CGI|PharmGKB|FDA	24107802
UGT1A1	UGT1A1	Definite	UGT1A1	IRINOTECAN	""	CGI|FDA	""
UGT1A1	UGT1A1	Definite	UGT1A1	ETOPOSIDE	""	PharmGKB	19364970|19852077|18349289|12181437|17058217|12969965|1651156|18466101|14647407|20562211|19390945|25055799|17728214|12019197|10381366|11037804
UGT1A1	UGT1A1	Definite	UGT1A1	BELINOSTAT	""	CIViC|FDA	26313268
UGT1A1	UGT1A1	Definite	UGT1A1	CARBOPLATIN	""	PharmGKB	25055799
UGT1A1	UGT1A1	Definite	UGT1A1	DEXAMETHASONE	""	PharmGKB	25055799
UGT1A1	UGT1A1	Definite	UGT1A1	NILOTINIB	""	CGI|PharmGKB|FDA	17611564|24898899
ACTB	ACTB	Definite	ACTB	CYCLOPHOSPHAMIDE	""	NCI	12167460
ACTG1	ACTG1	Definite	ACTG1	VINCRISTINE	""	PharmGKB	""
TUBA3E	TUBA3E	Definite	TUBA3E	IXABEPILONE	inhibitor	ChemblInteractions	""
TUBA3E	TUBA3E	Definite	TUBA3E	VORINOSTAT	""	DTC	20491440
TUBA3E	TUBA3E	Definite	TUBA3E	VINCRISTINE	""	DTC	16539377|21664138|23916255
TUBA3E	TUBA3E	Definite	TUBA3E	VINBLASTINE	""	DTC	23708010|23916255
TUBA3E	TUBA3E	Definite	TUBA3E	VINORELBINE	""	DTC	25768699
TUBA3E	TUBA3E	Definite	TUBA3E	COLCHICINE	inhibitor	DTC|ChemblInteractions	23750455|25805446|24502232|25061803|25937236|24773591|25938266
TUBA3E	TUBA3E	Definite	TUBA3E	CABAZITAXEL	inhibitor	ChemblInteractions	""
TUBA3E	TUBA3E	Definite	TUBA3E	PACLITAXEL	inhibitor	DTC|ChemblInteractions	23631389|25369367|25768699|24457094|22595423|23313639|17887662|23387901|19758808|23725535|24953821
TUBA1C	TUBA1C	Definite	TUBA1C	CABAZITAXEL	inhibitor	ChemblInteractions	""
TUBA1C	TUBA1C	Definite	TUBA1C	COLCHICINE	inhibitor	DTC|ChemblInteractions	23750455|25805446|24502232|25061803|25937236|24773591|25938266
TUBA1C	TUBA1C	Definite	TUBA1C	VINCRISTINE	""	DTC	16539377|21664138|23916255
TUBA1C	TUBA1C	Definite	TUBA1C	VINBLASTINE	""	DTC	23708010|23916255
TUBA1C	TUBA1C	Definite	TUBA1C	VORINOSTAT	""	DTC	20491440
TUBA1C	TUBA1C	Definite	TUBA1C	IXABEPILONE	inhibitor	ChemblInteractions	""
TUBA1C	TUBA1C	Definite	TUBA1C	PACLITAXEL	inhibitor	DTC|ChemblInteractions	23631389|25369367|25768699|24457094|22595423|23313639|17887662|23387901|19758808|23725535|24953821
TUBA1C	TUBA1C	Definite	TUBA1C	VINORELBINE	""	DTC	25768699
TUBB6	TUBB6	Definite	TUBB6	VINCRISTINE	""	DTC	16539377|21664138|23916255
TUBB6	TUBB6	Definite	TUBB6	VINORELBINE	""	DTC	25768699
TUBB6	TUBB6	Definite	TUBB6	COLCHICINE	inhibitor	DTC|ChemblInteractions	23750455|25805446|24502232|25061803|25937236|24773591|25938266
TUBB6	TUBB6	Definite	TUBB6	CABAZITAXEL	inhibitor	ChemblInteractions	""
TUBB6	TUBB6	Definite	TUBB6	IXABEPILONE	inhibitor	ChemblInteractions	""
TUBB6	TUBB6	Definite	TUBB6	PACLITAXEL	inhibitor	DTC|ChemblInteractions	23631389|25369367|25768699|24457094|22595423|23313639|17887662|23387901|19758808|23725535|24953821
TUBB6	TUBB6	Definite	TUBB6	VORINOSTAT	""	DTC	20491440
TUBB6	TUBB6	Definite	TUBB6	VINBLASTINE	""	DTC	23708010|23916255
TUBA3D	TUBA3D	Definite	TUBA3D	CABAZITAXEL	inhibitor	ChemblInteractions	""
TUBA3D	TUBA3D	Definite	TUBA3D	VINCRISTINE	""	DTC	16539377|21664138|23916255
TUBA3D	TUBA3D	Definite	TUBA3D	VINORELBINE	""	DTC	25768699
TUBA3D	TUBA3D	Definite	TUBA3D	VINBLASTINE	""	DTC	23708010|23916255
TUBA3D	TUBA3D	Definite	TUBA3D	IXABEPILONE	inhibitor	ChemblInteractions	""
TUBA3D	TUBA3D	Definite	TUBA3D	PACLITAXEL	inhibitor	DTC|ChemblInteractions	23631389|25369367|25768699|24457094|22595423|23313639|17887662|23387901|19758808|23725535|24953821
TUBA3D	TUBA3D	Definite	TUBA3D	COLCHICINE	inhibitor	DTC|ChemblInteractions	23750455|25805446|24502232|25061803|25937236|24773591|25938266
TUBA3D	TUBA3D	Definite	TUBA3D	VORINOSTAT	""	DTC	20491440
TUBA1B	TUBA1B	Definite	TUBA1B	CABAZITAXEL	inhibitor	ChemblInteractions	""
TUBA1B	TUBA1B	Definite	TUBA1B	VINORELBINE	""	DTC	25768699
TUBA1B	TUBA1B	Definite	TUBA1B	IXABEPILONE	inhibitor	ChemblInteractions	""
TUBA1B	TUBA1B	Definite	TUBA1B	PACLITAXEL	inhibitor	DTC|ChemblInteractions	23631389|25369367|25768699|24457094|22595423|23313639|17887662|23387901|19758808|23725535|24953821
TUBA1B	TUBA1B	Definite	TUBA1B	VINCRISTINE	""	DTC	16539377|21664138|23916255
TUBA1B	TUBA1B	Definite	TUBA1B	VORINOSTAT	""	DTC	20491440
TUBA1B	TUBA1B	Definite	TUBA1B	COLCHICINE	inhibitor	DTC|ChemblInteractions	23750455|25805446|24502232|25061803|25937236|24773591|25938266
TUBA1B	TUBA1B	Definite	TUBA1B	VINBLASTINE	""	DTC	23708010|23916255
TUBA3C	TUBA3C	Definite	TUBA3C	VINBLASTINE	""	DTC	23708010|23916255
TUBA3C	TUBA3C	Definite	TUBA3C	VINCRISTINE	""	DTC	16539377|21664138|23916255
TUBA3C	TUBA3C	Definite	TUBA3C	VINORELBINE	""	DTC	25768699
TUBA3C	TUBA3C	Definite	TUBA3C	PACLITAXEL	""	DTC	23631389|25369367|25768699|24457094|22595423|23313639|17887662|23387901|19758808|23725535|24953821
TUBA3C	TUBA3C	Definite	TUBA3C	VORINOSTAT	""	DTC	20491440
TUBA3C	TUBA3C	Definite	TUBA3C	COLCHICINE	""	DTC	23750455|25805446|24502232|25061803|25937236|24773591|25938266
TUBA1A	TUBA1A	Definite	TUBA1A	COLCHICINE	inhibitor	DTC|ChemblInteractions	23750455|25805446|24502232|25061803|25937236|24773591|25938266
TUBA1A	TUBA1A	Definite	TUBA1A	CABAZITAXEL	inhibitor	ChemblInteractions	""
TUBA1A	TUBA1A	Definite	TUBA1A	IXABEPILONE	inhibitor	ChemblInteractions	""
TUBA1A	TUBA1A	Definite	TUBA1A	VINCRISTINE	""	DTC	16539377|21664138|23916255
TUBA1A	TUBA1A	Definite	TUBA1A	PACLITAXEL	inhibitor	DTC|ChemblInteractions	23631389|25369367|25768699|24457094|22595423|23313639|17887662|23387901|19758808|23725535|24953821
TUBA1A	TUBA1A	Definite	TUBA1A	VORINOSTAT	""	DTC	20491440
TUBA1A	TUBA1A	Definite	TUBA1A	VINBLASTINE	adduct	DTC|DrugBank	9664292|23708010|1818332|18220533|15579115|23916255|14619954
TUBA1A	TUBA1A	Definite	TUBA1A	VINORELBINE	""	DTC	25768699
TUBB3	TUBB3	Definite	TUBB3	VORINOSTAT	""	DTC	20491440
TUBB3	TUBB3	Definite	TUBB3	VINBLASTINE	""	DTC	23708010|23916255
TUBB3	TUBB3	Definite	TUBB3	CABAZITAXEL	inhibitor	ChemblInteractions	""
TUBB3	TUBB3	Definite	TUBB3	VINCRISTINE	""	DTC	16539377|21664138|23916255
TUBB3	TUBB3	Definite	TUBB3	VINORELBINE	""	DTC	25768699
TUBB3	TUBB3	Definite	TUBB3	PACLITAXEL	inhibitor	DTC|ClearityFoundationBiomarkers|ChemblInteractions|CGI	23631389|25369367|25768699|24457094|22595423|23313639|17887662|23387901|19758808|23725535|24953821
TUBB3	TUBB3	Definite	TUBB3	COLCHICINE	inhibitor	DTC|ChemblInteractions	23750455|25805446|24502232|25061803|25937236|24773591|25938266
TUBB3	TUBB3	Definite	TUBB3	DOCETAXEL	""	ClearityFoundationBiomarkers	""
TUBB3	TUBB3	Definite	TUBB3	IXABEPILONE	inhibitor	DrugBank|TdgClinicalTrial|ChemblInteractions	18945860|18378531|18321240
TUBB1	TUBB1	Definite	TUBB1	VINBLASTINE	""	DTC	23708010|23916255
TUBB1	TUBB1	Definite	TUBB1	CABAZITAXEL	inhibitor|binder	DrugBank|TdgClinicalTrial|ChemblInteractions|TEND	""
TUBB1	TUBB1	Definite	TUBB1	IXABEPILONE	inhibitor	ChemblInteractions|TEND	""
TUBB1	TUBB1	Definite	TUBB1	VINDESINE	inhibitor	DrugBank|TdgClinicalTrial|TEND	17878523|17465195|10920282|17139284|17016423
TUBB1	TUBB1	Definite	TUBB1	VINCRISTINE	""	DTC	16539377|21664138|23916255
TUBB1	TUBB1	Definite	TUBB1	DOCETAXEL	""	DrugBank|TdgClinicalTrial|TEND	18559268|15161985|11309480|15698529
TUBB1	TUBB1	Definite	TUBB1	VINORELBINE	""	DTC	25768699
TUBB1	TUBB1	Definite	TUBB1	COLCHICINE	inhibitor	DTC|ChemblInteractions	23750455|20814887|25805446|24502232|20586571|25061803|17139284|25937236|17016423|24773591|19527023|25938266|15720245
TUBB1	TUBB1	Definite	TUBB1	PACLITAXEL	inhibitor	DTC|DrugBank|TdgClinicalTrial|ChemblInteractions|TEND	23631389|25369367|25768699|17314054|24457094|22595423|23313639|19575780|17887662|23387901|19758808|17139284|23725535|24953821|17016423|1350385
TUBB1	TUBB1	Definite	TUBB1	VORINOSTAT	""	DTC	20491440
TUBB1	TUBB1	Definite	TUBB1	ERIBULIN	""	DrugBank	16940412
TUBB4B	TUBB4B	Definite	TUBB4B	PACLITAXEL	inhibitor	DTC|ChemblInteractions	23631389|25369367|25768699|24457094|22595423|23313639|17887662|23387901|19758808|23725535|24953821
TUBB4B	TUBB4B	Definite	TUBB4B	VINCRISTINE	""	DTC	16539377|21664138|23916255
TUBB4B	TUBB4B	Definite	TUBB4B	CABAZITAXEL	inhibitor	ChemblInteractions	""
TUBB4B	TUBB4B	Definite	TUBB4B	VORINOSTAT	""	DTC	20491440
TUBB4B	TUBB4B	Definite	TUBB4B	COLCHICINE	inhibitor	DTC|ChemblInteractions	23750455|25805446|24502232|25061803|25937236|24773591|25938266
TUBB4B	TUBB4B	Definite	TUBB4B	VINORELBINE	""	DTC	25768699
TUBB4B	TUBB4B	Definite	TUBB4B	VINBLASTINE	""	DTC|TTD	23708010|23916255
TUBB4B	TUBB4B	Definite	TUBB4B	IXABEPILONE	inhibitor	ChemblInteractions	""
TUBB4A	TUBB4A	Definite	TUBB4A	VINCRISTINE	""	DTC	16539377|21664138|23916255
TUBB4A	TUBB4A	Definite	TUBB4A	VINBLASTINE	""	DTC	23708010|23916255
TUBB4A	TUBB4A	Definite	TUBB4A	PACLITAXEL	""	DTC	23631389|25369367|25768699|24457094|22595423|23313639|17887662|23387901|19758808|23725535|24953821
TUBB4A	TUBB4A	Definite	TUBB4A	VINORELBINE	""	DTC	25768699
TUBB4A	TUBB4A	Definite	TUBB4A	COLCHICINE	""	DTC	23750455|25805446|24502232|25061803|25937236|24773591|25938266
TUBB4A	TUBB4A	Definite	TUBB4A	VORINOSTAT	""	DTC	20491440
TUBA4A	TUBA4A	Definite	TUBA4A	VORINOSTAT	""	DTC	20491440
TUBA4A	TUBA4A	Definite	TUBA4A	PACLITAXEL	inhibitor	DTC|ChemblInteractions	23631389|25369367|25768699|24457094|22595423|23313639|17887662|23387901|19758808|23725535|24953821
TUBA4A	TUBA4A	Definite	TUBA4A	COLCHICINE	inhibitor	DTC|ChemblInteractions	23750455|25805446|24502232|25061803|25937236|24773591|25938266
TUBA4A	TUBA4A	Definite	TUBA4A	VINORELBINE	""	DTC	25768699
TUBA4A	TUBA4A	Definite	TUBA4A	CABAZITAXEL	inhibitor|binder	DrugBank|TdgClinicalTrial|ChemblInteractions	""
TUBA4A	TUBA4A	Definite	TUBA4A	VINBLASTINE	""	DTC	23708010|23916255
TUBA4A	TUBA4A	Definite	TUBA4A	VINCRISTINE	inhibitor	DTC|DrugBank|TdgClinicalTrial	16539377|20691709|21664138|23916255|11168494|20442307
TUBA4A	TUBA4A	Definite	TUBA4A	IXABEPILONE	inhibitor	ChemblInteractions	""
TUBB2B	TUBB2B	Definite	TUBB2B	CABAZITAXEL	inhibitor	ChemblInteractions	""
TUBB2B	TUBB2B	Definite	TUBB2B	VINCRISTINE	""	DTC	16539377|21664138|23916255
TUBB2B	TUBB2B	Definite	TUBB2B	PACLITAXEL	inhibitor	DTC|ChemblInteractions	23631389|25369367|25768699|24457094|22595423|23313639|17887662|23387901|19758808|23725535|24953821
TUBB2B	TUBB2B	Definite	TUBB2B	VINBLASTINE	""	DTC	23708010|23916255
TUBB2B	TUBB2B	Definite	TUBB2B	COLCHICINE	inhibitor	DTC|ChemblInteractions	23750455|25805446|24502232|25061803|25937236|24773591|25938266
TUBB2B	TUBB2B	Definite	TUBB2B	IXABEPILONE	inhibitor	ChemblInteractions	""
TUBB2B	TUBB2B	Definite	TUBB2B	VORINOSTAT	""	DTC	20491440
TUBB2B	TUBB2B	Definite	TUBB2B	VINORELBINE	""	DTC	25768699
TUBB2A	TUBB2A	Definite	TUBB2A	VINORELBINE	""	DTC|TdgClinicalTrial|TEND	25768699
TUBB2A	TUBB2A	Definite	TUBB2A	VORINOSTAT	""	DTC	20491440
TUBB2A	TUBB2A	Definite	TUBB2A	COLCHICINE	inhibitor	DTC|TdgClinicalTrial|ChemblInteractions	23750455|25805446|24502232|25061803|25937236|24773591|25938266
TUBB2A	TUBB2A	Definite	TUBB2A	VINBLASTINE	""	DTC|TdgClinicalTrial|TEND	23708010|23916255
TUBB2A	TUBB2A	Definite	TUBB2A	IXABEPILONE	inhibitor	ChemblInteractions|TEND	""
TUBB2A	TUBB2A	Definite	TUBB2A	VINCRISTINE	""	DTC|TdgClinicalTrial|TEND	16539377|21664138|23916255
TUBB2A	TUBB2A	Definite	TUBB2A	PACLITAXEL	inhibitor	DTC|ChemblInteractions	23631389|25369367|25768699|24457094|22595423|23313639|17887662|23387901|19758808|23725535|24953821
TUBB2A	TUBB2A	Definite	TUBB2A	CABAZITAXEL	inhibitor	ChemblInteractions	""
RAC1	RAC1	Definite	RAC1	AZATHIOPRINE	modulator	DrugBank	12697733
TSC2	TSC2	Definite	TSC2	EVEROLIMUS	""	CGI|CIViC|OncoKB	23158522|25295501
TSC1	TSC1	Definite	TSC1	SIROLIMUS	""	CIViC	19966866
TSC1	TSC1	Definite	TSC1	EVEROLIMUS	""	CGI|CIViC|OncoKB	26859683|22923433|11010|23158522|24622468|2015
ALDH1A2	ALDH1A2	Definite	ALDH1A2	TRETINOIN	""	DrugBank	15299009|15069081|15366004|15950969|15950488
TYMS	TYMS	Definite	TYMS	METHOTREXATE	inhibitor	DrugBank|CIViC	23652803|24284432
TYMS	TYMS	Definite	TYMS	TOPOTECAN	""	NCI	10803925
TYMS	TYMS	Definite	TYMS	PRALATREXATE	inhibitor	DrugBank	23409799
TYMS	TYMS	Definite	TYMS	IRINOTECAN	""	CIViC|PharmGKB	20628391|21273624|16456808
TYMS	TYMS	Definite	TYMS	DEXAMETHASONE	""	NCI|PharmGKB	2707640|3398844
TYMS	TYMS	Definite	TYMS	ETOPOSIDE	""	PharmGKB	""
TYMS	TYMS	Definite	TYMS	TRIFLURIDINE	inhibitor	DrugBank	18600528|16902987|20372850|19816940|19886911|4719131|6436227|15571283|17179993|14719072|16010590|15125867|11752352|18798063|6010427
TYMS	TYMS	Definite	TYMS	CYTARABINE	""	PharmGKB	""
TYMS	TYMS	Definite	TYMS	DAUNORUBICIN	""	NCI|PharmGKB	2967076
TYMS	TYMS	Definite	TYMS	PREDNISONE	""	PharmGKB	""
TYMS	TYMS	Definite	TYMS	GEMCITABINE	inhibitor	DrugBank	16563096|15795320|17166391|16818276|11752352|15655942|16818496
TYMS	TYMS	Definite	TYMS	CAPECITABINE	inhibitor	ClearityFoundationBiomarkers|DrugBank|ClearityFoundationClinicalTrial|ChemblInteractions|GuideToPharmacology	15134221|16926630|15866500|15132128|11752352|15709193
TYMS	TYMS	Definite	TYMS	AZATHIOPRINE	""	PharmGKB	26332308
TYMS	TYMS	Definite	TYMS	CISPLATIN	""	NCI	3337743
TYMS	TYMS	Definite	TYMS	HYDROXYCHLOROQUINE	""	PharmGKB	18322994
TYMS	TYMS	Definite	TYMS	RALTITREXED	inhibitor	DrugBank|TdgClinicalTrial|TEND|GuideToPharmacology|PharmGKB	18773878|10598555|17203168|10430100|10592235|11752352|10499608|10482907|15353299|16456808|10047461|10496350
TYMS	TYMS	Definite	TYMS	FLOXURIDINE	inhibitor	DrugBank|TdgClinicalTrial|ClearityFoundationClinicalTrial|ChemblInteractions|TEND	10697523|10891536|10697524|10482907|10553409
TYMS	TYMS	Definite	TYMS	AZACITIDINE	""	PharmGKB	29205204
TYMS	TYMS	Definite	TYMS	FLUOROURACIL	other/unknown|inhibitor	DTC|DrugBank|ClearityFoundationClinicalTrial|ChemblInteractions|CIViC	16563096|20628391|25544046|16609021|16719540|16596248|16538493|11752352|15353299|24450514
TYMS	TYMS	Definite	TYMS	PEMETREXED	inhibitor	ClearityFoundationBiomarkers|DrugBank|TdgClinicalTrial|TEND|CIViC|GuideToPharmacology	12571811|15795320|11524555|11742712|12023793|23645741|23060591|14596699|11763166|21367480|11752352|11531245|11848474|11252887|26502926
TYMS	TYMS	Definite	TYMS	VINCRISTINE	""	NCI	2804079
SFTPB	SFTPB	Definite	SFTPB	STREPTOZOCIN	""	NCI	1386745
SFTPA1	SFTPA1	Definite	SFTPA1	DEXAMETHASONE	""	NCI	9486201|2015097|10781428|8969273|3194412|8906664|3382698|12538780|2610267|2014154|8572233
SFTPA1	SFTPA1	Definite	SFTPA1	ANAKINRA	""	NCI	8996657
CD86	CD86	Definite	CD86	DEXAMETHASONE	""	NCI	15718366
SRC	SRC	Definite	SRC	CISPLATIN	""	JAX-CKB	27196758
SRC	SRC	Definite	SRC	DOXORUBICIN	""	NCI	7532928
SRC	SRC	Definite	SRC	GEMCITABINE	""	JAX-CKB	27196758
SRC	SRC	Definite	SRC	BOSUTINIB	inhibitor	TALC|DrugBank|TdgClinicalTrial|JAX-CKB|ChemblInteractions|GuideToPharmacology|TTD	27196758
SRC	SRC	Definite	SRC	PONATINIB	inhibitor	DrugBank|TdgClinicalTrial|JAX-CKB	26270481|19878872
SRC	SRC	Definite	SRC	IBRUTINIB	inhibitor	GuideToPharmacology	""
SRC	SRC	Definite	SRC	PACLITAXEL	""	JAX-CKB	22784709
SRC	SRC	Definite	SRC	DASATINIB	multitarget|inhibitor	TALC|DTC|DrugBank|TdgClinicalTrial|JAX-CKB|ChemblInteractions|TEND|GuideToPharmacology|CancerCommons|TTD	27231123|17429625|16230377|19098899|19462975|17155893|27154914|27222538|25835317|11752352|17148760|16397263
CD80	CD80	Definite	CD80	METHYLPREDNISOLONE	""	NCI	10521545
PIK3R2	PIK3R2	Definite	PIK3R2	CYCLOPHOSPHAMIDE	""	PharmGKB	""
PIK3R2	PIK3R2	Definite	PIK3R2	EPIRUBICIN	""	PharmGKB	""
PIK3R2	PIK3R2	Definite	PIK3R2	FLUOROURACIL	""	PharmGKB	""
PIK3R1	PIK3R1	Definite	PIK3R1	EVEROLIMUS	""	PharmGKB	""
AKT2	AKT2	Definite	AKT2	TRASTUZUMAB	""	CIViC	22842582
AKT2	AKT2	Definite	AKT2	EVEROLIMUS	inhibitor	MyCancerGenomeClinicalTrial	""
AKT3	AKT3	Definite	AKT3	EVEROLIMUS	inhibitor	MyCancerGenomeClinicalTrial	""
AKT1	AKT1	Definite	AKT1	IRINOTECAN	""	JAX-CKB	25714871
AKT1	AKT1	Definite	AKT1	CARBOPLATIN	""	PharmGKB	22901187
AKT1	AKT1	Definite	AKT1	TEMSIROLIMUS	""	JAX-CKB	27016228
AKT1	AKT1	Definite	AKT1	SORAFENIB	""	JAX-CKB	""
AKT1	AKT1	Definite	AKT1	CISPLATIN	""	JAX-CKB|PharmGKB	22901187|25519148
AKT1	AKT1	Definite	AKT1	TOPOTECAN	""	DTC	21440338
AKT1	AKT1	Definite	AKT1	EVEROLIMUS	inhibitor	JAX-CKB|CGI|MyCancerGenomeClinicalTrial	""
AKT1	AKT1	Definite	AKT1	SIROLIMUS	""	JAX-CKB	18708578
AKT1	AKT1	Definite	AKT1	PACLITAXEL	""	JAX-CKB	""
AKT1	AKT1	Definite	AKT1	DOXORUBICIN	""	JAX-CKB	18708578
AKT1	AKT1	Definite	AKT1	GEMCITABINE	""	JAX-CKB	""
FYN	FYN	Definite	FYN	BOSUTINIB	inhibitor	GuideToPharmacology	""
FYN	FYN	Definite	FYN	IBRUTINIB	inhibitor	GuideToPharmacology	""
FYN	FYN	Definite	FYN	DASATINIB	inhibitor|multitarget	DrugBank|TdgClinicalTrial|ChemblInteractions|TEND|TTD	20072833|11752352|17139284|17016423
FYN	FYN	Definite	FYN	PAZOPANIB	""	DTC	""
LYN	LYN	Definite	LYN	DASATINIB	inhibitor	DrugBank|ChemblInteractions	18180381
LYN	LYN	Definite	LYN	SORAFENIB	""	DTC	""
LYN	LYN	Definite	LYN	IBRUTINIB	inhibitor	DTC|GuideToPharmacology	25222877
LYN	LYN	Definite	LYN	IMATINIB	""	DTC|CIViC	18191450
LYN	LYN	Definite	LYN	PONATINIB	inhibitor	DrugBank	19878872
LYN	LYN	Definite	LYN	BOSUTINIB	inhibitor	DrugBank|ChemblInteractions|GuideToPharmacology	""
LYN	LYN	Definite	LYN	NILOTINIB	""	CIViC	18191450
YES1	YES1	Definite	YES1	MITOXANTRONE	""	DTC	""
YES1	YES1	Definite	YES1	SORAFENIB	""	DTC	""
YES1	YES1	Definite	YES1	PAZOPANIB	""	DTC	""
YES1	YES1	Definite	YES1	PONATINIB	""	DTC	""
YES1	YES1	Definite	YES1	DASATINIB	inhibitor	DTC|DrugBank|TdgClinicalTrial|ChemblInteractions|TEND	17541990|20072833|16507911
YES1	YES1	Definite	YES1	IMATINIB	""	DTC	""
YES1	YES1	Definite	YES1	CLADRIBINE	""	DTC	""
YES1	YES1	Definite	YES1	IBRUTINIB	inhibitor	DTC|GuideToPharmacology	""
YES1	YES1	Definite	YES1	SUNITINIB	""	DTC	""
MTOR	MTOR	Definite	MTOR	SIROLIMUS	inhibitor	TALC|DTC|DrugBank|MyCancerGenome|TdgClinicalTrial|ClearityFoundationClinicalTrial|CGI|DoCM|CIViC|TTD	26619011|19848404|24631838|12742462|20005306|27482884|27279227|17563385|24893224|24836070|11752352|19620795
MTOR	MTOR	Definite	MTOR	EVEROLIMUS	inhibitor	TALC|DTC|DrugBank|MyCancerGenome|TdgClinicalTrial|ClearityFoundationClinicalTrial|CGI|TEND|DoCM|CIViC|GuideToPharmacology|MyCancerGenomeClinicalTrial|PharmGKB|TTD|OncoKB	26859683|19344392|20531964|26176165|19774211|11010|24836070|20155724|18466433|24625776|11752352|20569080|24622468|25295501|25893859|2015
MTOR	MTOR	Definite	MTOR	AMSACRINE	""	DTC	""
MTOR	MTOR	Definite	MTOR	PAZOPANIB	""	CIViC	24625776
MTOR	MTOR	Definite	MTOR	TEMSIROLIMUS	inhibitor	TALC|DrugBank|MyCancerGenome|TdgClinicalTrial|ClearityFoundationClinicalTrial|TEND|GuideToPharmacology|CancerCommons|MyCancerGenomeClinicalTrial|TTD|OncoKB	17935273|11752352|18265991
MTOR	MTOR	Definite	MTOR	IDARUBICIN	""	DTC	""
PIK3CA	PIK3CA	Definite	PIK3CA	BORTEZOMIB	""	JAX-CKB	21216929
PIK3CA	PIK3CA	Definite	PIK3CA	PONATINIB	""	JAX-CKB	26270481
PIK3CA	PIK3CA	Definite	PIK3CA	IRINOTECAN	""	JAX-CKB	24042735|16707468|25714871|21325073
PIK3CA	PIK3CA	Definite	PIK3CA	TOPOTECAN	""	JAX-CKB	21216929
PIK3CA	PIK3CA	Definite	PIK3CA	FLOXURIDINE	""	JAX-CKB	25714871
PIK3CA	PIK3CA	Definite	PIK3CA	DASATINIB	""	JAX-CKB	26855149
PIK3CA	PIK3CA	Definite	PIK3CA	EVEROLIMUS	""	ClearityFoundationBiomarkers|JAX-CKB|CGI|CIViC	26951309|23629727|27797976|20664174|20664172|27893038|21358673|27091708|22662154
PIK3CA	PIK3CA	Definite	PIK3CA	SIROLIMUS	""	JAX-CKB|NCI|CIViC	15647370|15878982|26882569|28514312|19029981|17376864
PIK3CA	PIK3CA	Definite	PIK3CA	STREPTOZOCIN	""	NCI	16130182
PIK3CA	PIK3CA	Definite	PIK3CA	TRASTUZUMAB	""	JAX-CKB|CGI|CIViC|PharmGKB	17936563|21676217|21594665|24470511|19010894|25199759|26469692|28167203|23940356|20453058|26245675|22294718|21558396|26920887
PIK3CA	PIK3CA	Definite	PIK3CA	OLAPARIB	""	JAX-CKB	26909613
PIK3CA	PIK3CA	Definite	PIK3CA	BEVACIZUMAB	""	JAX-CKB	27893038|23940356|21216929|25363205
PIK3CA	PIK3CA	Definite	PIK3CA	FLUOROURACIL	""	JAX-CKB	25714871|22336586|28424201
PIK3CA	PIK3CA	Definite	PIK3CA	CAPECITABINE	""	JAX-CKB|CIViC	26920887
PIK3CA	PIK3CA	Definite	PIK3CA	SORAFENIB	""	JAX-CKB	23629727|25363205
PIK3CA	PIK3CA	Definite	PIK3CA	CARBOPLATIN	""	JAX-CKB|NCI|PharmGKB	16275998|21216929
PIK3CA	PIK3CA	Definite	PIK3CA	PACLITAXEL	""	JAX-CKB|NCI	26469692|24170767|12761490|26245675|21216929
PIK3CA	PIK3CA	Definite	PIK3CA	VINCRISTINE	""	NCI	12874004
PIK3CA	PIK3CA	Definite	PIK3CA	TEMSIROLIMUS	""	ClearityFoundationBiomarkers|JAX-CKB|CIViC	27893038|22271473|22245973|19706758|25527417|21216929|21289267|27016228
PIK3CA	PIK3CA	Definite	PIK3CA	PALBOCICLIB	""	JAX-CKB|CIViC	27020857|25002028|26369631
PIK3CA	PIK3CA	Definite	PIK3CA	CISPLATIN	""	JAX-CKB|CIViC|PharmGKB	27489350
PIK3CA	PIK3CA	Definite	PIK3CA	DOCETAXEL	""	PharmGKB	20157331
PIK3CA	PIK3CA	Definite	PIK3CA	GEMCITABINE	""	JAX-CKB	28750271
PIK3CA	PIK3CA	Definite	PIK3CA	DOXORUBICIN	""	JAX-CKB|NCI	16905201|27893038|12761490
PIK3CA	PIK3CA	Definite	PIK3CA	IDELALISIB	inhibitor	JAX-CKB|CIViC|GuideToPharmacology	26466009|26137449
LCK	LCK	Definite	LCK	IBRUTINIB	inhibitor	GuideToPharmacology	""
LCK	LCK	Definite	LCK	IMATINIB	""	DTC	""
LCK	LCK	Definite	LCK	DASATINIB	multitarget|inhibitor	DrugBank|TdgClinicalTrial|ChemblInteractions|TEND|TTD	17154512|20072833|11752352
LCK	LCK	Definite	LCK	PAZOPANIB	""	DTC	""
LCK	LCK	Definite	LCK	PONATINIB	inhibitor	DrugBank	23190395
BTK	BTK	Definite	BTK	DASATINIB	""	DTC|DrugBank	17684099
BTK	BTK	Definite	BTK	IBRUTINIB	inhibitor	DTC|DrugBank|MyCancerGenome|TdgClinicalTrial|ChemblInteractions|CGI|DoCM|COSMIC|CIViC|GuideToPharmacology|PharmGKB|TTD	26182309|27626698|24869598|24697238|25802231|27199251|25222877
ATP7A	ATP7A	Definite	ATP7A	CARBOPLATIN	""	NCI	14676106
ATP7A	ATP7A	Definite	ATP7A	THALIDOMIDE	""	PharmGKB	20038957
ATP7A	ATP7A	Definite	ATP7A	DOCETAXEL	""	PharmGKB	20038957
ATP7A	ATP7A	Definite	ATP7A	OXALIPLATIN	""	NCI	15269138
PRSS3	PRSS3	Definite	PRSS3	BORTEZOMIB	""	DTC	20875739
PRSS2	PRSS2	Definite	PRSS2	BORTEZOMIB	""	DTC	20875739
S100A8	S100A8	Definite	S100A8	METHOTREXATE	""	NCI	14722212
ATOX1	ATOX1	Definite	ATOX1	CISPLATIN	""	DrugBank	24469739
TF	TF	Definite	TF	CISPLATIN	""	DrugBank	16773208
PRKD3	PRKD3	Definite	PRKD3	PALBOCICLIB	""	DTC	""
ATXN2	ATXN2	Definite	ATXN2	IDARUBICIN	""	DTC	""
ATXN2	ATXN2	Definite	ATXN2	AMSACRINE	""	DTC	""
ATXN2	ATXN2	Definite	ATXN2	MITOXANTRONE	""	DTC	""
SPP1	SPP1	Definite	SPP1	TACROLIMUS	""	NCI	16103732
HSP90AB1	HSP90AB1	Definite	HSP90AB1	BEVACIZUMAB	""	PharmGKB	29871907
ACP5	ACP5	Definite	ACP5	STREPTOZOCIN	""	NCI	14640894
MET	MET	Definite	MET	FLUOROURACIL	""	JAX-CKB	26432108
MET	MET	Definite	MET	PACLITAXEL	""	JAX-CKB	28514312|26432108
MET	MET	Definite	MET	TRASTUZUMAB	""	JAX-CKB|CGI	22850551|26432108
MET	MET	Definite	MET	OXALIPLATIN	""	JAX-CKB	26432108
MET	MET	Definite	MET	CARBOPLATIN	""	JAX-CKB	28514312
MET	MET	Definite	MET	SORAFENIB	""	JAX-CKB	25363205
MET	MET	Definite	MET	IMATINIB	""	JAX-CKB	28514312
MET	MET	Definite	MET	PALBOCICLIB	""	DTC	""
MET	MET	Definite	MET	CAPECITABINE	""	JAX-CKB	26432108
MET	MET	Definite	MET	OLAPARIB	""	JAX-CKB	26779812
MET	MET	Definite	MET	BEVACIZUMAB	""	JAX-CKB	26965451|26432108|25363205
MET	MET	Definite	MET	PONATINIB	""	JAX-CKB	25122427
MET	MET	Definite	MET	DASATINIB	""	JAX-CKB	26483207
MET	MET	Definite	MET	PAZOPANIB	""	DTC	""
ROCK2	ROCK2	Definite	ROCK2	PALBOCICLIB	""	DTC	""
STK4	STK4	Definite	STK4	BOSUTINIB	inhibitor	GuideToPharmacology	""
ERBB2	ERBB2	Definite	ERBB2	DASATINIB	""	DTC	""
ERBB2	ERBB2	Definite	ERBB2	PALBOCICLIB	""	JAX-CKB|CGI|PharmGKB|FDA	27020857|19874578|25221644
ERBB2	ERBB2	Definite	ERBB2	DOCETAXEL	""	JAX-CKB|CIViC|PharmGKB	30452336|22149875|23801166|27052654|25693012|30071039|25185099
ERBB2	ERBB2	Definite	ERBB2	TRIFLURIDINE	""	FDA	""
ERBB2	ERBB2	Definite	ERBB2	SUNITINIB	""	JAX-CKB	24606768
ERBB2	ERBB2	Definite	ERBB2	CYCLOPHOSPHAMIDE	""	JAX-CKB	""
ERBB2	ERBB2	Definite	ERBB2	EPIRUBICIN	""	NCI	11759828
ERBB2	ERBB2	Definite	ERBB2	ERIBULIN	""	PharmGKB|FDA	""
ERBB2	ERBB2	Definite	ERBB2	GEMCITABINE	""	JAX-CKB|NCI	15581051
ERBB2	ERBB2	Definite	ERBB2	CAPECITABINE	""	JAX-CKB|CIViC	20504363|17192538|17679724|19289619|25287822|26432108|26487584|26920887
ERBB2	ERBB2	Definite	ERBB2	CISPLATIN	""	JAX-CKB	""
ERBB2	ERBB2	Definite	ERBB2	FLUOROURACIL	""	JAX-CKB	28784859|27626067|26432108
ERBB2	ERBB2	Definite	ERBB2	TRASTUZUMAB	antibody|inhibitor	TALC|ClearityFoundationBiomarkers|DrugBank|MyCancerGenome|TdgClinicalTrial|ClearityFoundationClinicalTrial|JAX-CKB|ChemblInteractions|NCI|CGI|DoCM|CIViC|GuideToPharmacology|PharmGKB|TTD|FDA|OncoKB	27900589|26619011|20504363|16091755|31453370|17936563|22257673|19840887|2013|21676217|26759238|30452336|26598547|24470511|28784859|27140927|11248153|27108243|22908275|21107682|18555254|26880266|15236790|26296355|22149875|23801166|29523624|26469692|26874901|22850551|24691421|25601188|24606768|24982373|26104654|17660958|20728210|11098307|20975068|17679724|27626067|23948973|26099744|28167203|30857956|23940356|19289619|23204226|24742739|28539475|15911866|26245675|29320312|25693012|29146401|11752352|19874578|20003286|9788323|25157968|30071039|2605|23220880|21558396|18690878|25370464|26432108|16397024|24300914|29584549|22493419|27697991|26243863|16596213|12525520|17693647|16236737|20124187
ERBB2	ERBB2	Definite	ERBB2	CARBOPLATIN	""	CIViC|PharmGKB	30071039|29584549
ERBB2	ERBB2	Definite	ERBB2	IBRUTINIB	inhibitor	JAX-CKB|CIViC|GuideToPharmacology	27256378|28830912
ERBB2	ERBB2	Definite	ERBB2	CHLORAMBUCIL	""	NCI	11691913
ERBB2	ERBB2	Definite	ERBB2	TEMSIROLIMUS	""	JAX-CKB	24323026
ERBB2	ERBB2	Definite	ERBB2	BEVACIZUMAB	""	JAX-CKB	23940356|26432108
ERBB2	ERBB2	Definite	ERBB2	EVEROLIMUS	""	JAX-CKB|CGI|PharmGKB|FDA	21107682|20975068|24742739
ERBB2	ERBB2	Definite	ERBB2	SORAFENIB	""	JAX-CKB	27992451
ERBB2	ERBB2	Definite	ERBB2	OLAPARIB	""	JAX-CKB|PharmGKB|FDA	""
ERBB2	ERBB2	Definite	ERBB2	IRINOTECAN	""	CIViC	25601188
ERBB2	ERBB2	Definite	ERBB2	DOXORUBICIN	""	JAX-CKB	""
ERBB2	ERBB2	Definite	ERBB2	FLOXURIDINE	""	NCI	17177846
ERBB2	ERBB2	Definite	ERBB2	VINORELBINE	""	JAX-CKB	27992451|24742739
ERBB2	ERBB2	Definite	ERBB2	SIROLIMUS	""	CIViC	19122144
ERBB2	ERBB2	Definite	ERBB2	OXALIPLATIN	""	JAX-CKB	28784859|26432108|24300914
ERBB2	ERBB2	Definite	ERBB2	PACLITAXEL	""	JAX-CKB|CIViC	24886365|26469692|27078022|24868024|27556950|26432108|29584549
ERBB2	ERBB2	Definite	ERBB2	IXABEPILONE	""	PharmGKB|FDA	""
ERBB2	ERBB2	Definite	ERBB2	PONATINIB	""	JAX-CKB	26270481
LIMK1	LIMK1	Definite	LIMK1	PAZOPANIB	""	DTC	""
LIMK1	LIMK1	Definite	LIMK1	SORAFENIB	""	DTC	""
LIMK1	LIMK1	Definite	LIMK1	DASATINIB	""	DTC	""
PTPRC	PTPRC	Definite	PTPRC	FLUOROURACIL	""	NCI	15206578
PTPRC	PTPRC	Definite	PTPRC	PREDNISONE	""	NCI	17063711
CDK5	CDK5	Definite	CDK5	PALBOCICLIB	""	DTC	""
FES	FES	Definite	FES	DASATINIB	""	DTC	""
TUBB8	TUBB8	Definite	TUBB8	VINCRISTINE	""	DTC	16539377|21664138|23916255
TUBB8	TUBB8	Definite	TUBB8	IXABEPILONE	inhibitor	ChemblInteractions	""
TUBB8	TUBB8	Definite	TUBB8	VORINOSTAT	""	DTC	20491440
TUBB8	TUBB8	Definite	TUBB8	PACLITAXEL	inhibitor	DTC|ChemblInteractions	23631389|25369367|25768699|24457094|22595423|23313639|17887662|23387901|19758808|23725535|24953821
TUBB8	TUBB8	Definite	TUBB8	VINORELBINE	""	DTC	25768699
TUBB8	TUBB8	Definite	TUBB8	COLCHICINE	inhibitor	DTC|ChemblInteractions	23750455|25805446|24502232|25061803|25937236|24773591|25938266
TUBB8	TUBB8	Definite	TUBB8	VINBLASTINE	""	DTC	23708010|23916255
TUBB8	TUBB8	Definite	TUBB8	CABAZITAXEL	inhibitor	ChemblInteractions	""
GJA1	GJA1	Definite	GJA1	BLEOMYCIN	""	NCI	16600115
PTEN	PTEN	Definite	PTEN	OLAPARIB	""	JAX-CKB	""
PTEN	PTEN	Definite	PTEN	VORINOSTAT	""	JAX-CKB	22693356|9661880
PTEN	PTEN	Definite	PTEN	CARBOPLATIN	""	CIViC|PharmGKB	25672916
PTEN	PTEN	Definite	PTEN	SORAFENIB	""	JAX-CKB	27213589
PTEN	PTEN	Definite	PTEN	PEMETREXED	""	JAX-CKB	27213589
PTEN	PTEN	Definite	PTEN	SIROLIMUS	""	CGI	""
PTEN	PTEN	Definite	PTEN	CAPECITABINE	""	PharmGKB	""
PTEN	PTEN	Definite	PTEN	TEMOZOLOMIDE	""	JAX-CKB	25910950
PTEN	PTEN	Definite	PTEN	TOPOTECAN	""	JAX-CKB	25833835
PTEN	PTEN	Definite	PTEN	PALBOCICLIB	""	JAX-CKB	27020857
PTEN	PTEN	Definite	PTEN	FLUOROURACIL	""	PharmGKB	""
PTEN	PTEN	Definite	PTEN	TRASTUZUMAB	""	JAX-CKB|CGI|CIViC	17936563|20813970|21676217|24470511|15324695|16404430
PTEN	PTEN	Definite	PTEN	CISPLATIN	""	PharmGKB	""
PTEN	PTEN	Definite	PTEN	PACLITAXEL	""	JAX-CKB|CIViC	25637314|25833835|25672916
PTEN	PTEN	Definite	PTEN	EVEROLIMUS	""	ClearityFoundationBiomarkers|JAX-CKB|CGI|CIViC	26951309|20664174|23989949|20664172|22473592|23582881|21358673|27091708|22662154|28330462
PTEN	PTEN	Definite	PTEN	IDELALISIB	""	JAX-CKB	28178345
PTEN	PTEN	Definite	PTEN	OXALIPLATIN	""	JAX-CKB	24100628
PTEN	PTEN	Definite	PTEN	TEMSIROLIMUS	""	ClearityFoundationBiomarkers|JAX-CKB|CIViC	11504908|23674493|27016228
PTEN	PTEN	Definite	PTEN	GEMCITABINE	""	JAX-CKB	28750271
PIK3CD	PIK3CD	Definite	PIK3CD	IDELALISIB	inhibitor	DrugBank|MyCancerGenome|TdgClinicalTrial|ChemblInteractions|GuideToPharmacology|TTD	""
PIK3CB	PIK3CB	Definite	PIK3CB	IDELALISIB	inhibitor	GuideToPharmacology	""
PIK3CB	PIK3CB	Definite	PIK3CB	DOXORUBICIN	""	NCI	16905201
PIK3CG	PIK3CG	Definite	PIK3CG	IDELALISIB	inhibitor	GuideToPharmacology	""
PIK3CG	PIK3CG	Definite	PIK3CG	COLCHICINE	""	NCI	9434625
PIK3CG	PIK3CG	Definite	PIK3CG	VINCRISTINE	""	NCI	17363506|12874004
PIK3CG	PIK3CG	Definite	PIK3CG	PACLITAXEL	""	NCI	12087097
PIK3CG	PIK3CG	Definite	PIK3CG	DOXORUBICIN	""	NCI	16905201
NQO1	NQO1	Definite	NQO1	OXALIPLATIN	""	PharmGKB	24924344
NQO1	NQO1	Definite	NQO1	IMATINIB	""	PharmGKB	30237583
NQO1	NQO1	Definite	NQO1	FLUOROURACIL	""	PharmGKB	25545243|24533712|11160862|21479364|10208650|21946896|18511948
NQO1	NQO1	Definite	NQO1	DOXORUBICIN	""	PharmGKB	9333325|10954045
NQO1	NQO1	Definite	NQO1	CISPLATIN	""	PharmGKB	12370763
BMX	BMX	Definite	BMX	IBRUTINIB	inhibitor	GuideToPharmacology|TTD	""
IRS2	IRS2	Definite	IRS2	DEXAMETHASONE	""	NCI	16943575
CRKL	CRKL	Definite	CRKL	DASATINIB	""	CIViC	22591714
NRAS	NRAS	Definite	NRAS	SORAFENIB	""	JAX-CKB|CGI	23629727
NRAS	NRAS	Definite	NRAS	CISPLATIN	""	PharmGKB	21636554
NRAS	NRAS	Definite	NRAS	GEMCITABINE	""	PharmGKB	21636554
NRAS	NRAS	Definite	NRAS	CARBOPLATIN	""	PharmGKB	21636554
NRAS	NRAS	Definite	NRAS	PALBOCICLIB	""	JAX-CKB	27488531|22983396
NRAS	NRAS	Definite	NRAS	EVEROLIMUS	""	JAX-CKB|CIViC	23629727|26821351
JAK2	JAK2	Definite	JAK2	RUXOLITINIB	inhibitor	DTC|DrugBank|MyCancerGenome|JAX-CKB|CGI|DoCM|CIViC|GuideToPharmacology|MyCancerGenomeClinicalTrial|TTD|OncoKB	29773603|18805579|16293597|24398328|20339092|21926964|22829971|15781101|16081687|22271575|26258521|22955920|20631743|25207766|19287384|20585391|21120162|22041374|16709929|24251790|23061804|22875628|19470474|18394554|21689158|23115274|21393331|23514013|22368270|25157968|22818858|24986690|24404189|22422826|26472029|22899477|22571758
JAK2	JAK2	Definite	JAK2	DASATINIB	""	DTC	""
JAK2	JAK2	Definite	JAK2	SIROLIMUS	""	CIViC	22955920
JAK2	JAK2	Definite	JAK2	PACLITAXEL	""	JAX-CKB	27075627
JAK2	JAK2	Definite	JAK2	IMATINIB	""	JAX-CKB	21224473
HRAS	HRAS	Definite	HRAS	STREPTOZOCIN	""	NCI	8171758
HRAS	HRAS	Definite	HRAS	GEMCITABINE	""	NCI	16818479
HRAS	HRAS	Definite	HRAS	EVEROLIMUS	""	JAX-CKB|CIViC	26544513
HRAS	HRAS	Definite	HRAS	HYDROXYUREA	""	NCI	12041671
HRAS	HRAS	Definite	HRAS	DASATINIB	""	JAX-CKB	27222538
HRAS	HRAS	Definite	HRAS	BEVACIZUMAB	""	NCI	15998951
HRAS	HRAS	Definite	HRAS	DOCETAXEL	""	NCI	16983095
HRAS	HRAS	Definite	HRAS	SIROLIMUS	""	JAX-CKB	26882569
STAT5B	STAT5B	Definite	STAT5B	DASATINIB	inhibitor	DrugBank|TdgClinicalTrial|TEND	17431118|17020995
KRAS	KRAS	Definite	KRAS	EVEROLIMUS	""	ClearityFoundationBiomarkers|JAX-CKB	23629727|20664174|20664172|26725216|22662154
KRAS	KRAS	Definite	KRAS	LENALIDOMIDE	""	JAX-CKB	27458141
KRAS	KRAS	Definite	KRAS	PONATINIB	""	JAX-CKB|CGI	27338794
KRAS	KRAS	Definite	KRAS	OXALIPLATIN	""	JAX-CKB|CIViC	26540314|20921465|26341920|23209813|21468686
KRAS	KRAS	Definite	KRAS	TEMSIROLIMUS	""	ClearityFoundationBiomarkers|JAX-CKB	21216929|26725216|27016228
KRAS	KRAS	Definite	KRAS	OLAPARIB	""	JAX-CKB	28363999
KRAS	KRAS	Definite	KRAS	SIROLIMUS	""	JAX-CKB	26144316|26882569
KRAS	KRAS	Definite	KRAS	PEMETREXED	""	JAX-CKB|CIViC	27876675
KRAS	KRAS	Definite	KRAS	DASATINIB	""	JAX-CKB|CIViC	26855149|27231123|28280091|27222538|20956938|26725216
KRAS	KRAS	Definite	KRAS	PANOBINOSTAT	""	JAX-CKB	22693356|19490892|26725216
KRAS	KRAS	Definite	KRAS	BORTEZOMIB	""	JAX-CKB	22541434
KRAS	KRAS	Definite	KRAS	CAPECITABINE	""	JAX-CKB	""
KRAS	KRAS	Definite	KRAS	BEVACIZUMAB	""	JAX-CKB|CIViC	28632865|21216929|23828442|25363205
KRAS	KRAS	Definite	KRAS	IXABEPILONE	""	JAX-CKB	26864210
KRAS	KRAS	Definite	KRAS	DECITABINE	""	CGI|CIViC	25968887
KRAS	KRAS	Definite	KRAS	SUNITINIB	""	JAX-CKB	26864210|23455880
KRAS	KRAS	Definite	KRAS	TRASTUZUMAB	""	JAX-CKB|CGI	27108243|26243863
KRAS	KRAS	Definite	KRAS	CISPLATIN	""	JAX-CKB|CIViC	27040853|25081901|28652249
KRAS	KRAS	Definite	KRAS	PALBOCICLIB	""	JAX-CKB|CGI|CIViC	1291017|26658964|26369631|27167191
KRAS	KRAS	Definite	KRAS	FLUOROURACIL	""	JAX-CKB|CIViC	20921465|26341920
KRAS	KRAS	Definite	KRAS	PACLITAXEL	""	JAX-CKB|CIViC	16043828|22139083|26307133|21216929
KRAS	KRAS	Definite	KRAS	CARBOPLATIN	""	JAX-CKB|CIViC	25637314|16043828|22139083|26307133|21216929|27998224
KRAS	KRAS	Definite	KRAS	PAZOPANIB	""	JAX-CKB	26324075
KRAS	KRAS	Definite	KRAS	IRINOTECAN	""	JAX-CKB|CIViC	25567130|24042735|23209031|16707468|25714871|26341920|20619739|21325073|21575616|24798549|25322874
KRAS	KRAS	Definite	KRAS	IMATINIB	""	CGI	""
KRAS	KRAS	Definite	KRAS	DOCETAXEL	""	JAX-CKB|CGI|CIViC	23200175|27876675|26125448|28492898
KRAS	KRAS	Definite	KRAS	GEMCITABINE	""	JAX-CKB|CGI|CIViC	26540314|27167172|26156229|24915778|26091808|27975152|26228206|21862683
KRAS	KRAS	Definite	KRAS	SORAFENIB	""	JAX-CKB|CGI	23629727|26743856|23224737|26307133|25294897|27480147|25363205
KRAS	KRAS	Definite	KRAS	NILOTINIB	""	JAX-CKB	26725216
